股票名称,股票代码,日期,开盘
日久光电,003015,2020-10-21,6.855
日久光电,003015,2020-10-22,9.385
日久光电,003015,2020-10-23,10.425
日久光电,003015,2020-10-26,11.575
日久光电,003015,2020-10-27,12.835
日久光电,003015,2020-10-28,14.225
日久光电,003015,2020-10-29,15.755
日久光电,003015,2020-10-30,17.435
日久光电,003015,2020-11-02,14.495
日久光电,003015,2020-11-03,13.495
日久光电,003015,2020-11-04,14.725
日久光电,003015,2020-11-05,15.065
日久光电,003015,2020-11-06,15.775
日久光电,003015,2020-11-09,16.525
日久光电,003015,2020-11-10,18.265
日久光电,003015,2020-11-11,16.285
日久光电,003015,2020-11-12,16.855
日久光电,003015,2020-11-13,15.485
日久光电,003015,2020-11-16,15.725
日久光电,003015,2020-11-17,15.725
日久光电,003015,2020-11-18,15.385
日久光电,003015,2020-11-19,15.945
日久光电,003015,2020-11-20,15.825
日久光电,003015,2020-11-23,15.595
日久光电,003015,2020-11-24,15.455
日久光电,003015,2020-11-25,15.565
日久光电,003015,2020-11-26,15.945
日久光电,003015,2020-11-27,16.855
日久光电,003015,2020-11-30,15.975
日久光电,003015,2020-12-01,15.695
日久光电,003015,2020-12-02,17.385
日久光电,003015,2020-12-03,18.965
日久光电,003015,2020-12-04,16.375
日久光电,003015,2020-12-07,17.275
日久光电,003015,2020-12-08,17.285
日久光电,003015,2020-12-09,16.865
日久光电,003015,2020-12-10,15.635
日久光电,003015,2020-12-11,16.125
日久光电,003015,2020-12-14,15.135
日久光电,003015,2020-12-15,15.195
日久光电,003015,2020-12-16,16.095
日久光电,003015,2020-12-17,15.615
日久光电,003015,2020-12-18,15.795
日久光电,003015,2020-12-21,15.175
日久光电,003015,2020-12-22,15.265
日久光电,003015,2020-12-23,14.665
日久光电,003015,2020-12-24,14.195
日久光电,003015,2020-12-25,13.675
日久光电,003015,2020-12-28,14.275
日久光电,003015,2020-12-29,13.575
日久光电,003015,2020-12-30,13.575
日久光电,003015,2020-12-31,13.775
日久光电,003015,2021-01-04,13.885
日久光电,003015,2021-01-05,14.105
日久光电,003015,2021-01-06,14.115
日久光电,003015,2021-01-07,13.405
日久光电,003015,2021-01-08,12.755
日久光电,003015,2021-01-11,12.835
日久光电,003015,2021-01-12,11.985
日久光电,003015,2021-01-13,12.035
日久光电,003015,2021-01-14,11.275
日久光电,003015,2021-01-15,11.505
日久光电,003015,2021-01-18,12.095
日久光电,003015,2021-01-19,12.155
日久光电,003015,2021-01-20,12.345
日久光电,003015,2021-01-21,12.505
日久光电,003015,2021-01-22,12.395
日久光电,003015,2021-01-25,11.955
日久光电,003015,2021-01-26,11.785
日久光电,003015,2021-01-27,12.025
日久光电,003015,2021-01-28,11.975
日久光电,003015,2021-01-29,12.175
日久光电,003015,2021-02-01,11.305
日久光电,003015,2021-02-02,11.995
日久光电,003015,2021-02-03,11.685
日久光电,003015,2021-02-04,11.185
日久光电,003015,2021-02-05,10.975
日久光电,003015,2021-02-08,11.305
日久光电,003015,2021-02-09,11.105
日久光电,003015,2021-02-10,11.285
日久光电,003015,2021-02-18,11.185
日久光电,003015,2021-02-19,11.395
日久光电,003015,2021-02-22,12.265
日久光电,003015,2021-02-23,12.285
日久光电,003015,2021-02-24,11.975
日久光电,003015,2021-02-25,12.015
日久光电,003015,2021-02-26,11.305
日久光电,003015,2021-03-01,11.755
日久光电,003015,2021-03-02,12.275
日久光电,003015,2021-03-03,12.285
日久光电,003015,2021-03-04,12.235
日久光电,003015,2021-03-05,12.375
日久光电,003015,2021-03-08,12.255
日久光电,003015,2021-03-09,11.805
日久光电,003015,2021-03-10,11.705
日久光电,003015,2021-03-11,11.775
日久光电,003015,2021-03-12,11.845
日久光电,003015,2021-03-15,11.425
日久光电,003015,2021-03-16,11.325
日久光电,003015,2021-03-17,11.435
日久光电,003015,2021-03-18,12.105
日久光电,003015,2021-03-19,11.505
日久光电,003015,2021-03-22,12.335
日久光电,003015,2021-03-23,13.025
日久光电,003015,2021-03-24,12.835
日久光电,003015,2021-03-25,13.435
日久光电,003015,2021-03-26,12.995
日久光电,003015,2021-03-29,12.975
日久光电,003015,2021-03-30,12.995
日久光电,003015,2021-03-31,12.775
日久光电,003015,2021-04-01,13.125
日久光电,003015,2021-04-02,13.025
日久光电,003015,2021-04-06,14.935
日久光电,003015,2021-04-07,13.865
日久光电,003015,2021-04-08,14.645
日久光电,003015,2021-04-09,13.915
日久光电,003015,2021-04-12,14.315
日久光电,003015,2021-04-13,14.195
日久光电,003015,2021-04-14,13.455
日久光电,003015,2021-04-15,14.855
日久光电,003015,2021-04-16,14.795
日久光电,003015,2021-04-19,15.065
日久光电,003015,2021-04-20,15.155
日久光电,003015,2021-04-21,14.455
日久光电,003015,2021-04-22,14.505
日久光电,003015,2021-04-23,14.655
日久光电,003015,2021-04-26,13.095
日久光电,003015,2021-04-27,12.745
日久光电,003015,2021-04-28,12.375
日久光电,003015,2021-04-29,12.405
日久光电,003015,2021-04-30,12.045
日久光电,003015,2021-05-06,11.715
日久光电,003015,2021-05-07,11.975
日久光电,003015,2021-05-10,11.835
日久光电,003015,2021-05-11,11.375
日久光电,003015,2021-05-12,11.585
日久光电,003015,2021-05-13,11.575
日久光电,003015,2021-05-14,11.695
日久光电,003015,2021-05-17,11.775
日久光电,003015,2021-05-18,11.885
日久光电,003015,2021-05-19,11.775
日久光电,003015,2021-05-20,11.795
日久光电,003015,2021-05-21,11.725
日久光电,003015,2021-05-24,11.755
日久光电,003015,2021-05-25,11.905
日久光电,003015,2021-05-26,12.035
日久光电,003015,2021-05-27,12.155
日久光电,003015,2021-05-28,12.265
日久光电,003015,2021-05-31,12.245
日久光电,003015,2021-06-01,12.235
日久光电,003015,2021-06-02,12.335
日久光电,003015,2021-06-03,11.945
日久光电,003015,2021-06-04,11.995
日久光电,003015,2021-06-07,11.885
日久光电,003015,2021-06-08,12.045
日久光电,003015,2021-06-09,11.975
日久光电,003015,2021-06-10,12.005
日久光电,003015,2021-06-11,12.305
日久光电,003015,2021-06-15,12.065
日久光电,003015,2021-06-16,12.135
日久光电,003015,2021-06-17,11.965
日久光电,003015,2021-06-18,12.005
日久光电,003015,2021-06-21,11.845
日久光电,003015,2021-06-22,12.045
日久光电,003015,2021-06-23,12.295
日久光电,003015,2021-06-24,12.395
日久光电,003015,2021-06-25,12.185
日久光电,003015,2021-06-28,12.105
日久光电,003015,2021-06-29,12.125
日久光电,003015,2021-06-30,11.865
日久光电,003015,2021-07-01,12.025
日久光电,003015,2021-07-02,11.635
日久光电,003015,2021-07-05,11.315
日久光电,003015,2021-07-06,11.495
日久光电,003015,2021-07-07,11.425
日久光电,003015,2021-07-08,11.585
日久光电,003015,2021-07-09,11.625
日久光电,003015,2021-07-12,11.725
日久光电,003015,2021-07-13,11.785
日久光电,003015,2021-07-14,11.875
日久光电,003015,2021-07-15,11.495
日久光电,003015,2021-07-16,11.605
日久光电,003015,2021-07-19,11.385
日久光电,003015,2021-07-20,11.355
日久光电,003015,2021-07-21,11.565
日久光电,003015,2021-07-22,11.565
日久光电,003015,2021-07-23,11.915
日久光电,003015,2021-07-26,12.065
日久光电,003015,2021-07-27,12.425
日久光电,003015,2021-07-28,11.845
日久光电,003015,2021-07-29,11.765
日久光电,003015,2021-07-30,12.295
日久光电,003015,2021-08-02,12.315
日久光电,003015,2021-08-03,12.395
日久光电,003015,2021-08-04,12.305
日久光电,003015,2021-08-05,12.235
日久光电,003015,2021-08-06,11.995
日久光电,003015,2021-08-09,11.915
日久光电,003015,2021-08-10,12.025
日久光电,003015,2021-08-11,12.765
日久光电,003015,2021-08-12,12.825
日久光电,003015,2021-08-13,12.825
日久光电,003015,2021-08-16,12.665
日久光电,003015,2021-08-17,12.825
日久光电,003015,2021-08-18,12.135
日久光电,003015,2021-08-19,12.395
日久光电,003015,2021-08-20,12.135
日久光电,003015,2021-08-23,12.925
日久光电,003015,2021-08-24,13.645
日久光电,003015,2021-08-25,13.525
日久光电,003015,2021-08-26,14.815
日久光电,003015,2021-08-27,14.575
日久光电,003015,2021-08-30,14.625
日久光电,003015,2021-08-31,13.925
日久光电,003015,2021-09-01,12.635
日久光电,003015,2021-09-02,14.305
日久光电,003015,2021-09-03,14.455
日久光电,003015,2021-09-06,14.345
日久光电,003015,2021-09-07,14.225
日久光电,003015,2021-09-08,14.825
日久光电,003015,2021-09-09,14.805
日久光电,003015,2021-09-10,15.015
日久光电,003015,2021-09-13,14.905
日久光电,003015,2021-09-14,15.425
日久光电,003015,2021-09-15,14.525
日久光电,003015,2021-09-16,13.955
日久光电,003015,2021-09-17,13.305
日久光电,003015,2021-09-22,13.105
日久光电,003015,2021-09-23,13.185
日久光电,003015,2021-09-24,13.035
日久光电,003015,2021-09-27,12.405
日久光电,003015,2021-09-28,11.825
日久光电,003015,2021-09-29,11.655
日久光电,003015,2021-09-30,11.295
日久光电,003015,2021-10-08,11.585
日久光电,003015,2021-10-11,11.615
日久光电,003015,2021-10-12,11.605
日久光电,003015,2021-10-13,11.255
日久光电,003015,2021-10-14,11.445
日久光电,003015,2021-10-15,11.585
日久光电,003015,2021-10-18,11.495
日久光电,003015,2021-10-19,11.335
日久光电,003015,2021-10-20,10.895
日久光电,003015,2021-10-21,10.035
日久光电,003015,2021-10-22,10.575
日久光电,003015,2021-10-25,10.245
日久光电,003015,2021-10-26,10.295
日久光电,003015,2021-10-27,10.125
日久光电,003015,2021-10-28,9.625
日久光电,003015,2021-10-29,9.375
日久光电,003015,2021-11-01,9.285
日久光电,003015,2021-11-02,9.455
日久光电,003015,2021-11-03,9.535
日久光电,003015,2021-11-04,9.735
日久光电,003015,2021-11-05,9.825
日久光电,003015,2021-11-08,10.015
日久光电,003015,2021-11-09,10.025
日久光电,003015,2021-11-10,9.995
日久光电,003015,2021-11-11,10.125
日久光电,003015,2021-11-12,10.315
日久光电,003015,2021-11-15,10.335
日久光电,003015,2021-11-16,10.445
日久光电,003015,2021-11-17,10.215
日久光电,003015,2021-11-18,10.485
日久光电,003015,2021-11-19,10.605
日久光电,003015,2021-11-22,11.225
日久光电,003015,2021-11-23,10.925
日久光电,003015,2021-11-24,10.995
日久光电,003015,2021-11-25,10.875
日久光电,003015,2021-11-26,10.845
日久光电,003015,2021-11-29,10.605
日久光电,003015,2021-11-30,10.635
日久光电,003015,2021-12-01,10.765
日久光电,003015,2021-12-02,10.935
日久光电,003015,2021-12-03,10.555
日久光电,003015,2021-12-06,10.545
日久光电,003015,2021-12-07,10.475
日久光电,003015,2021-12-08,10.225
日久光电,003015,2021-12-09,10.285
日久光电,003015,2021-12-10,10.545
日久光电,003015,2021-12-13,10.475
日久光电,003015,2021-12-14,10.455
日久光电,003015,2021-12-15,10.635
日久光电,003015,2021-12-16,10.735
日久光电,003015,2021-12-17,10.635
日久光电,003015,2021-12-20,10.605
日久光电,003015,2021-12-21,10.575
日久光电,003015,2021-12-22,10.775
日久光电,003015,2021-12-23,10.875
日久光电,003015,2021-12-24,10.685
日久光电,003015,2021-12-27,10.315
日久光电,003015,2021-12-28,10.355
日久光电,003015,2021-12-29,10.475
日久光电,003015,2021-12-30,10.505
日久光电,003015,2021-12-31,10.765
日久光电,003015,2022-01-04,10.755
日久光电,003015,2022-01-05,10.985
日久光电,003015,2022-01-06,10.815
日久光电,003015,2022-01-07,10.795
日久光电,003015,2022-01-10,10.695
日久光电,003015,2022-01-11,10.835
日久光电,003015,2022-01-12,11.325
日久光电,003015,2022-01-13,11.205
日久光电,003015,2022-01-14,11.305
日久光电,003015,2022-01-17,11.345
日久光电,003015,2022-01-18,11.265
日久光电,003015,2022-01-19,11.295
日久光电,003015,2022-01-20,11.655
日久光电,003015,2022-01-21,11.025
日久光电,003015,2022-01-24,10.915
日久光电,003015,2022-01-25,10.585
日久光电,003015,2022-01-26,10.125
日久光电,003015,2022-01-27,10.095
日久光电,003015,2022-01-28,9.795
日久光电,003015,2022-02-07,10.395
日久光电,003015,2022-02-08,10.345
日久光电,003015,2022-02-09,10.775
日久光电,003015,2022-02-10,10.925
日久光电,003015,2022-02-11,11.075
日久光电,003015,2022-02-14,10.765
日久光电,003015,2022-02-15,10.905
日久光电,003015,2022-02-16,10.905
日久光电,003015,2022-02-17,10.915
日久光电,003015,2022-02-18,10.835
日久光电,003015,2022-02-21,10.995
日久光电,003015,2022-02-22,11.005
日久光电,003015,2022-02-23,10.945
日久光电,003015,2022-02-24,11.005
日久光电,003015,2022-02-25,10.695
日久光电,003015,2022-02-28,10.805
日久光电,003015,2022-03-01,10.565
日久光电,003015,2022-03-02,10.625
日久光电,003015,2022-03-03,10.695
日久光电,003015,2022-03-04,10.885
日久光电,003015,2022-03-07,10.875
日久光电,003015,2022-03-08,10.715
日久光电,003015,2022-03-09,10.305
日久光电,003015,2022-03-10,10.025
日久光电,003015,2022-03-11,9.825
日久光电,003015,2022-03-14,9.865
日久光电,003015,2022-03-15,9.605
日久光电,003015,2022-03-16,8.955
日久光电,003015,2022-03-17,9.215
日久光电,003015,2022-03-18,9.235
日久光电,003015,2022-03-21,9.335
日久光电,003015,2022-03-22,9.325
日久光电,003015,2022-03-23,9.395
日久光电,003015,2022-03-24,9.305
日久光电,003015,2022-03-25,9.185
日久光电,003015,2022-03-28,9.225
日久光电,003015,2022-03-29,9.225
日久光电,003015,2022-03-30,8.995
日久光电,003015,2022-03-31,9.045
日久光电,003015,2022-04-01,8.975
日久光电,003015,2022-04-06,8.965
日久光电,003015,2022-04-07,9.095
日久光电,003015,2022-04-08,8.895
日久光电,003015,2022-04-11,8.525
日久光电,003015,2022-04-12,8.185
日久光电,003015,2022-04-13,8.385
日久光电,003015,2022-04-14,8.245
日久光电,003015,2022-04-15,8.195
日久光电,003015,2022-04-18,7.865
日久光电,003015,2022-04-19,7.895
日久光电,003015,2022-04-20,8.005
日久光电,003015,2022-04-21,7.905
日久光电,003015,2022-04-22,7.605
日久光电,003015,2022-04-25,7.475
日久光电,003015,2022-04-26,6.785
日久光电,003015,2022-04-27,6.425
日久光电,003015,2022-04-28,6.785
日久光电,003015,2022-04-29,6.705
日久光电,003015,2022-05-05,7.235
日久光电,003015,2022-05-06,7.135
日久光电,003015,2022-05-09,7.275
日久光电,003015,2022-05-10,7.225
日久光电,003015,2022-05-11,7.405
日久光电,003015,2022-05-12,7.395
日久光电,003015,2022-05-13,7.585
日久光电,003015,2022-05-16,7.665
日久光电,003015,2022-05-17,7.705
日久光电,003015,2022-05-18,7.745
日久光电,003015,2022-05-19,7.729
日久光电,003015,2022-05-20,7.949
日久光电,003015,2022-05-23,8.199
日久光电,003015,2022-05-24,8.399
日久光电,003015,2022-05-25,8.059
日久光电,003015,2022-05-26,8.209
日久光电,003015,2022-05-27,8.099
日久光电,003015,2022-05-30,7.989
日久光电,003015,2022-05-31,7.909
日久光电,003015,2022-06-01,8.239
日久光电,003015,2022-06-02,8.099
日久光电,003015,2022-06-06,8.389
日久光电,003015,2022-06-07,8.499
日久光电,003015,2022-06-08,8.409
日久光电,003015,2022-06-09,8.269
日久光电,003015,2022-06-10,7.969
日久光电,003015,2022-06-13,8.119
日久光电,003015,2022-06-14,8.109
日久光电,003015,2022-06-15,8.079
日久光电,003015,2022-06-16,8.109
日久光电,003015,2022-06-17,8.249
日久光电,003015,2022-06-20,8.139
日久光电,003015,2022-06-21,8.319
日久光电,003015,2022-06-22,8.299
日久光电,003015,2022-06-23,8.109
日久光电,003015,2022-06-24,8.269
日久光电,003015,2022-06-27,8.629
日久光电,003015,2022-06-28,8.549
日久光电,003015,2022-06-29,8.669
日久光电,003015,2022-06-30,8.679
日久光电,003015,2022-07-01,8.729
日久光电,003015,2022-07-04,8.619
日久光电,003015,2022-07-05,8.529
日久光电,003015,2022-07-06,8.469
日久光电,003015,2022-07-07,8.419
日久光电,003015,2022-07-08,8.509
日久光电,003015,2022-07-11,8.569
日久光电,003015,2022-07-12,8.349
日久光电,003015,2022-07-13,8.109
日久光电,003015,2022-07-14,8.249
日久光电,003015,2022-07-15,8.549
日久光电,003015,2022-07-18,8.399
日久光电,003015,2022-07-19,8.639
日久光电,003015,2022-07-20,8.719
日久光电,003015,2022-07-21,8.769
日久光电,003015,2022-07-22,8.869
日久光电,003015,2022-07-25,9.079
日久光电,003015,2022-07-26,8.829
日久光电,003015,2022-07-27,8.819
日久光电,003015,2022-07-28,8.959
日久光电,003015,2022-07-29,9.229
日久光电,003015,2022-08-01,9.069
日久光电,003015,2022-08-02,9.269
日久光电,003015,2022-08-03,8.949
日久光电,003015,2022-08-04,9.019
日久光电,003015,2022-08-05,9.059
日久光电,003015,2022-08-08,9.189
日久光电,003015,2022-08-09,9.249
日久光电,003015,2022-08-10,9.309
日久光电,003015,2022-08-11,9.519
日久光电,003015,2022-08-12,9.719
日久光电,003015,2022-08-15,9.579
日久光电,003015,2022-08-16,9.589
日久光电,003015,2022-08-17,9.789
日久光电,003015,2022-08-18,9.789
日久光电,003015,2022-08-19,10.369
日久光电,003015,2022-08-22,9.789
日久光电,003015,2022-08-23,10.239
日久光电,003015,2022-08-24,11.319
日久光电,003015,2022-08-25,10.399
日久光电,003015,2022-08-26,9.529
日久光电,003015,2022-08-29,8.849
日久光电,003015,2022-08-30,8.949
日久光电,003015,2022-08-31,9.119
日久光电,003015,2022-09-01,8.569
日久光电,003015,2022-09-02,8.629
日久光电,003015,2022-09-05,8.769
日久光电,003015,2022-09-06,8.789
日久光电,003015,2022-09-07,8.759
日久光电,003015,2022-09-08,8.769
日久光电,003015,2022-09-09,8.539
日久光电,003015,2022-09-13,8.419
日久光电,003015,2022-09-14,8.379
日久光电,003015,2022-09-15,8.429
日久光电,003015,2022-09-16,8.039
日久光电,003015,2022-09-19,7.839
日久光电,003015,2022-09-20,7.839
日久光电,003015,2022-09-21,7.819
日久光电,003015,2022-09-22,7.939
日久光电,003015,2022-09-23,8.069
日久光电,003015,2022-09-26,7.819
日久光电,003015,2022-09-27,7.839
日久光电,003015,2022-09-28,8.039
日久光电,003015,2022-09-29,7.919
日久光电,003015,2022-09-30,7.809
日久光电,003015,2022-10-10,7.549
日久光电,003015,2022-10-11,7.629
日久光电,003015,2022-10-12,7.599
日久光电,003015,2022-10-13,7.889
日久光电,003015,2022-10-14,8.159
日久光电,003015,2022-10-17,8.159
日久光电,003015,2022-10-18,8.359
日久光电,003015,2022-10-19,8.319
日久光电,003015,2022-10-20,8.169
日久光电,003015,2022-10-21,8.239
日久光电,003015,2022-10-24,8.309
日久光电,003015,2022-10-25,8.079
日久光电,003015,2022-10-26,7.999
日久光电,003015,2022-10-27,8.199
日久光电,003015,2022-10-28,8.189
日久光电,003015,2022-10-31,7.949
日久光电,003015,2022-11-01,8.189
日久光电,003015,2022-11-02,8.409
日久光电,003015,2022-11-03,8.419
日久光电,003015,2022-11-04,9.169
日久光电,003015,2022-11-07,8.599
日久光电,003015,2022-11-08,8.629
日久光电,003015,2022-11-09,8.559
日久光电,003015,2022-11-10,8.619
日久光电,003015,2022-11-11,8.679
日久光电,003015,2022-11-14,8.469
日久光电,003015,2022-11-15,8.399
日久光电,003015,2022-11-16,8.609
日久光电,003015,2022-11-17,8.609
日久光电,003015,2022-11-18,8.639
日久光电,003015,2022-11-21,8.519
日久光电,003015,2022-11-22,8.829
日久光电,003015,2022-11-23,8.769
日久光电,003015,2022-11-24,8.809
日久光电,003015,2022-11-25,9.419
日久光电,003015,2022-11-28,8.999
日久光电,003015,2022-11-29,9.269
日久光电,003015,2022-11-30,9.439
日久光电,003015,2022-12-01,9.369
日久光电,003015,2022-12-02,9.229
日久光电,003015,2022-12-05,9.119
日久光电,003015,2022-12-06,9.159
日久光电,003015,2022-12-07,9.099
日久光电,003015,2022-12-08,9.199
日久光电,003015,2022-12-09,9.029
日久光电,003015,2022-12-12,8.839
日久光电,003015,2022-12-13,8.869
日久光电,003015,2022-12-14,8.949
日久光电,003015,2022-12-15,8.869
日久光电,003015,2022-12-16,8.889
日久光电,003015,2022-12-19,8.559
日久光电,003015,2022-12-20,8.289
日久光电,003015,2022-12-21,8.229
日久光电,003015,2022-12-22,8.169
日久光电,003015,2022-12-23,7.819
日久光电,003015,2022-12-26,7.829
日久光电,003015,2022-12-27,8.109
日久光电,003015,2022-12-28,8.089
日久光电,003015,2022-12-29,7.869
日久光电,003015,2022-12-30,7.969
日久光电,003015,2023-01-03,7.909
日久光电,003015,2023-01-04,8.229
日久光电,003015,2023-01-05,8.219
日久光电,003015,2023-01-06,8.279
日久光电,003015,2023-01-09,8.269
日久光电,003015,2023-01-10,8.379
日久光电,003015,2023-01-11,8.309
日久光电,003015,2023-01-12,8.229
日久光电,003015,2023-01-13,8.299
日久光电,003015,2023-01-16,8.049
日久光电,003015,2023-01-17,8.219
日久光电,003015,2023-01-18,8.249
日久光电,003015,2023-01-19,8.329
日久光电,003015,2023-01-20,8.479
日久光电,003015,2023-01-30,8.569
日久光电,003015,2023-01-31,8.619
日久光电,003015,2023-02-01,8.779
日久光电,003015,2023-02-02,8.819
日久光电,003015,2023-02-03,8.879
日久光电,003015,2023-02-06,8.849
日久光电,003015,2023-02-07,9.039
日久光电,003015,2023-02-08,8.969
日久光电,003015,2023-02-09,8.919
日久光电,003015,2023-02-10,9.079
日久光电,003015,2023-02-13,9.059
日久光电,003015,2023-02-14,9.089
日久光电,003015,2023-02-15,9.039
日久光电,003015,2023-02-16,9.349
日久光电,003015,2023-02-17,8.949
日久光电,003015,2023-02-20,8.889
日久光电,003015,2023-02-21,8.989
日久光电,003015,2023-02-22,8.889
日久光电,003015,2023-02-23,8.959
日久光电,003015,2023-02-24,8.909
日久光电,003015,2023-02-27,8.899
日久光电,003015,2023-02-28,8.749
日久光电,003015,2023-03-01,8.859
日久光电,003015,2023-03-02,9.129
日久光电,003015,2023-03-03,9.169
日久光电,003015,2023-03-06,9.079
日久光电,003015,2023-03-07,9.029
日久光电,003015,2023-03-08,8.769
日久光电,003015,2023-03-09,8.949
日久光电,003015,2023-03-10,9.079
日久光电,003015,2023-03-13,8.959
日久光电,003015,2023-03-14,8.959
日久光电,003015,2023-03-15,8.709
日久光电,003015,2023-03-16,8.829
日久光电,003015,2023-03-17,8.699
日久光电,003015,2023-03-20,8.829
日久光电,003015,2023-03-21,8.869
日久光电,003015,2023-03-22,8.949
日久光电,003015,2023-03-23,9.099
日久光电,003015,2023-03-24,9.159
日久光电,003015,2023-03-27,9.169
日久光电,003015,2023-03-28,9.219
日久光电,003015,2023-03-29,8.989
日久光电,003015,2023-03-30,9.049
日久光电,003015,2023-03-31,9.029
日久光电,003015,2023-04-03,9.009
日久光电,003015,2023-04-04,9.219
日久光电,003015,2023-04-06,8.979
日久光电,003015,2023-04-07,9.249
日久光电,003015,2023-04-10,9.209
日久光电,003015,2023-04-11,9.119
日久光电,003015,2023-04-12,9.109
日久光电,003015,2023-04-13,9.299
日久光电,003015,2023-04-14,9.179
日久光电,003015,2023-04-17,9.069
日久光电,003015,2023-04-18,8.919
日久光电,003015,2023-04-19,8.519
日久光电,003015,2023-04-20,8.419
日久光电,003015,2023-04-21,8.299
日久光电,003015,2023-04-24,7.869
日久光电,003015,2023-04-25,7.789
日久光电,003015,2023-04-26,7.639
日久光电,003015,2023-04-27,7.649
日久光电,003015,2023-04-28,7.649
日久光电,003015,2023-05-04,7.789
日久光电,003015,2023-05-05,7.889
日久光电,003015,2023-05-08,7.989
日久光电,003015,2023-05-09,7.879
日久光电,003015,2023-05-10,7.639
日久光电,003015,2023-05-11,7.849
日久光电,003015,2023-05-12,7.819
日久光电,003015,2023-05-15,7.679
日久光电,003015,2023-05-16,7.839
日久光电,003015,2023-05-17,7.839
日久光电,003015,2023-05-18,7.999
日久光电,003015,2023-05-19,8.082
日久光电,003015,2023-05-22,8.212
日久光电,003015,2023-05-23,8.392
日久光电,003015,2023-05-24,8.242
日久光电,003015,2023-05-25,8.392
日久光电,003015,2023-05-26,8.422
日久光电,003015,2023-05-29,8.462
日久光电,003015,2023-05-30,8.372
日久光电,003015,2023-05-31,8.452
日久光电,003015,2023-06-01,8.502
日久光电,003015,2023-06-02,8.442
日久光电,003015,2023-06-05,8.592
日久光电,003015,2023-06-06,8.682
日久光电,003015,2023-06-07,8.292
日久光电,003015,2023-06-08,8.452
日久光电,003015,2023-06-09,8.562
日久光电,003015,2023-06-12,8.562
日久光电,003015,2023-06-13,8.652
日久光电,003015,2023-06-14,8.642
日久光电,003015,2023-06-15,8.662
日久光电,003015,2023-06-16,8.552
日久光电,003015,2023-06-19,8.532
日久光电,003015,2023-06-20,8.572
日久光电,003015,2023-06-21,8.542
日久光电,003015,2023-06-26,8.612
日久光电,003015,2023-06-27,8.482
日久光电,003015,2023-06-28,8.692
日久光电,003015,2023-06-29,8.532
日久光电,003015,2023-06-30,8.822
日久光电,003015,2023-07-03,8.952
日久光电,003015,2023-07-04,9.012
日久光电,003015,2023-07-05,8.972
日久光电,003015,2023-07-06,9.002
日久光电,003015,2023-07-07,9.062
日久光电,003015,2023-07-10,8.982
日久光电,003015,2023-07-11,8.912
日久光电,003015,2023-07-12,8.892
日久光电,003015,2023-07-13,8.912
日久光电,003015,2023-07-14,9.012
日久光电,003015,2023-07-17,9.142
日久光电,003015,2023-07-18,9.192
日久光电,003015,2023-07-19,8.982
日久光电,003015,2023-07-20,8.872
日久光电,003015,2023-07-21,8.592
日久光电,003015,2023-07-24,8.582
日久光电,003015,2023-07-25,8.692
日久光电,003015,2023-07-26,8.782
日久光电,003015,2023-07-27,8.772
日久光电,003015,2023-07-28,8.732
日久光电,003015,2023-07-31,8.762
日久光电,003015,2023-08-01,8.762
日久光电,003015,2023-08-02,8.742
日久光电,003015,2023-08-03,8.782
日久光电,003015,2023-08-04,8.802
日久光电,003015,2023-08-07,8.732
日久光电,003015,2023-08-08,8.722
日久光电,003015,2023-08-09,8.752
日久光电,003015,2023-08-10,8.612
日久光电,003015,2023-08-11,8.892
日久光电,003015,2023-08-14,8.872
日久光电,003015,2023-08-15,8.512
日久光电,003015,2023-08-16,8.162
日久光电,003015,2023-08-17,7.992
日久光电,003015,2023-08-18,8.072
日久光电,003015,2023-08-21,7.952
日久光电,003015,2023-08-22,7.992
日久光电,003015,2023-08-23,8.022
日久光电,003015,2023-08-24,7.932
日久光电,003015,2023-08-25,7.822
日久光电,003015,2023-08-28,8.152
日久光电,003015,2023-08-29,7.792
日久光电,003015,2023-08-30,8.102
日久光电,003015,2023-08-31,8.422
日久光电,003015,2023-09-01,8.512
日久光电,003015,2023-09-04,8.442
日久光电,003015,2023-09-05,8.502
日久光电,003015,2023-09-06,8.632
日久光电,003015,2023-09-07,8.852
日久光电,003015,2023-09-08,8.852
日久光电,003015,2023-09-11,9.412
日久光电,003015,2023-09-12,8.772
日久光电,003015,2023-09-13,8.712
日久光电,003015,2023-09-14,8.342
日久光电,003015,2023-09-15,9.512
日久光电,003015,2023-09-18,9.142
日久光电,003015,2023-09-19,9.162
日久光电,003015,2023-09-20,11.032
日久光电,003015,2023-09-21,12.112
日久光电,003015,2023-09-22,13.782
日久光电,003015,2023-09-25,12.132
日久光电,003015,2023-09-26,10.962
日久光电,003015,2023-09-27,10.702
日久光电,003015,2023-09-28,10.392
日久光电,003015,2023-10-09,10.602
日久光电,003015,2023-10-10,10.722
日久光电,003015,2023-10-11,10.642
日久光电,003015,2023-10-12,10.692
日久光电,003015,2023-10-13,10.182
日久光电,003015,2023-10-16,10.642
日久光电,003015,2023-10-17,10.332
日久光电,003015,2023-10-18,9.742
日久光电,003015,2023-10-19,9.852
日久光电,003015,2023-10-20,9.462
日久光电,003015,2023-10-23,9.522
日久光电,003015,2023-10-24,9.572
日久光电,003015,2023-10-25,9.862
日久光电,003015,2023-10-26,9.862
日久光电,003015,2023-10-27,9.662
日久光电,003015,2023-10-30,9.612
日久光电,003015,2023-10-31,9.962
日久光电,003015,2023-11-01,9.842
日久光电,003015,2023-11-02,10.022
日久光电,003015,2023-11-03,9.962
日久光电,003015,2023-11-06,10.092
日久光电,003015,2023-11-07,10.972
日久光电,003015,2023-11-08,11.932
日久光电,003015,2023-11-09,11.562
日久光电,003015,2023-11-10,11.212
日久光电,003015,2023-11-13,11.042
日久光电,003015,2023-11-14,11.062
日久光电,003015,2023-11-15,11.482
日久光电,003015,2023-11-16,10.972
日久光电,003015,2023-11-17,11.362
日久光电,003015,2023-11-20,11.532
日久光电,003015,2023-11-21,11.482
日久光电,003015,2023-11-22,11.122
日久光电,003015,2023-11-23,11.042
日久光电,003015,2023-11-24,11.062
日久光电,003015,2023-11-27,10.482
日久光电,003015,2023-11-28,10.522
日久光电,003015,2023-11-29,10.832
日久光电,003015,2023-11-30,10.862
日久光电,003015,2023-12-01,10.982
日久光电,003015,2023-12-04,10.902
日久光电,003015,2023-12-05,10.762
日久光电,003015,2023-12-06,10.212
日久光电,003015,2023-12-07,10.112
日久光电,003015,2023-12-08,10.092
日久光电,003015,2023-12-11,9.892
日久光电,003015,2023-12-12,10.112
日久光电,003015,2023-12-13,10.222
日久光电,003015,2023-12-14,10.172
日久光电,003015,2023-12-15,10.052
日久光电,003015,2023-12-18,9.962
日久光电,003015,2023-12-19,9.772
日久光电,003015,2023-12-20,9.892
日久光电,003015,2023-12-21,10.212
日久光电,003015,2023-12-22,10.142
日久光电,003015,2023-12-25,9.962
日久光电,003015,2023-12-26,10.312
日久光电,003015,2023-12-27,10.022
日久光电,003015,2023-12-28,10.412
日久光电,003015,2023-12-29,11.812
日久光电,003015,2024-01-02,11.212
日久光电,003015,2024-01-03,11.752
日久光电,003015,2024-01-04,14.372
日久光电,003015,2024-01-05,14.342
日久光电,003015,2024-01-08,15.612
日久光电,003015,2024-01-09,12.762
日久光电,003015,2024-01-10,11.692
日久光电,003015,2024-01-11,11.512
日久光电,003015,2024-01-12,11.712
日久光电,003015,2024-01-15,12.212
日久光电,003015,2024-01-16,11.862
日久光电,003015,2024-01-17,12.112
日久光电,003015,2024-01-18,11.062
日久光电,003015,2024-01-19,11.392
日久光电,003015,2024-01-22,10.382
日久光电,003015,2024-01-23,11.302
日久光电,003015,2024-01-24,11.352
日久光电,003015,2024-01-25,11.462
日久光电,003015,2024-01-26,11.512
日久光电,003015,2024-01-29,11.612
日久光电,003015,2024-01-30,10.612
日久光电,003015,2024-01-31,9.112
日久光电,003015,2024-02-01,8.512
日久光电,003015,2024-02-02,8.662
日久光电,003015,2024-02-05,8.092
日久光电,003015,2024-02-06,6.722
日久光电,003015,2024-02-07,7.032
日久光电,003015,2024-02-08,6.212
日久光电,003015,2024-02-19,7.242
日久光电,003015,2024-02-20,7.622
日久光电,003015,2024-02-21,7.792
日久光电,003015,2024-02-22,8.202
日久光电,003015,2024-02-23,8.662
日久光电,003015,2024-02-26,8.892
日久光电,003015,2024-02-27,8.982
日久光电,003015,2024-02-28,9.622
日久光电,003015,2024-02-29,8.092
日久光电,003015,2024-03-01,8.852
日久光电,003015,2024-03-04,10.262
日久光电,003015,2024-03-05,10.242
日久光电,003015,2024-03-06,11.112
日久光电,003015,2024-03-07,10.962
日久光电,003015,2024-03-08,10.502
日久光电,003015,2024-03-11,10.742
日久光电,003015,2024-03-12,11.522
日久光电,003015,2024-03-13,11.222
日久光电,003015,2024-03-14,11.112
日久光电,003015,2024-03-15,11.112
日久光电,003015,2024-03-18,11.262
日久光电,003015,2024-03-19,11.482
日久光电,003015,2024-03-20,11.322
日久光电,003015,2024-03-21,11.362
日久光电,003015,2024-03-22,11.092
日久光电,003015,2024-03-25,10.762
日久光电,003015,2024-03-26,11.152
日久光电,003015,2024-03-27,11.682
日久光电,003015,2024-03-28,11.262
日久光电,003015,2024-03-29,12.462
日久光电,003015,2024-04-01,12.642
日久光电,003015,2024-04-02,13.062
日久光电,003015,2024-04-03,12.062
日久光电,003015,2024-04-08,11.312
日久光电,003015,2024-04-09,11.322
日久光电,003015,2024-04-10,11.132
日久光电,003015,2024-04-11,10.232
日久光电,003015,2024-04-12,10.282
日久光电,003015,2024-04-15,10.092
日久光电,003015,2024-04-16,9.122
日久光电,003015,2024-04-17,7.962
日久光电,003015,2024-04-18,9.092
日久光电,003015,2024-04-19,8.922
日久光电,003015,2024-04-22,8.462
日久光电,003015,2024-04-23,8.882
日久光电,003015,2024-04-24,9.052
日久光电,003015,2024-04-25,9.232
日久光电,003015,2024-04-26,9.382
日久光电,003015,2024-04-29,9.742
日久光电,003015,2024-04-30,9.962
日久光电,003015,2024-05-06,9.942
日久光电,003015,2024-05-07,10.112
日久光电,003015,2024-05-08,9.992
日久光电,003015,2024-05-09,9.742
日久光电,003015,2024-05-10,9.892
日久光电,003015,2024-05-13,9.532
日久光电,003015,2024-05-14,9.302
日久光电,003015,2024-05-15,9.312
日久光电,003015,2024-05-16,9.432
日久光电,003015,2024-05-17,9.522
日久光电,003015,2024-05-20,10.187
日久光电,003015,2024-05-21,9.867
日久光电,003015,2024-05-22,10.367
日久光电,003015,2024-05-23,10.317
日久光电,003015,2024-05-24,10.357
日久光电,003015,2024-05-27,9.937
日久光电,003015,2024-05-28,9.747
日久光电,003015,2024-05-29,9.607
日久光电,003015,2024-05-30,9.557
日久光电,003015,2024-05-31,9.587
日久光电,003015,2024-06-03,9.857
日久光电,003015,2024-06-04,9.317
日久光电,003015,2024-06-05,9.007
日久光电,003015,2024-06-06,8.847
日久光电,003015,2024-06-07,8.607
日久光电,003015,2024-06-11,8.797
日久光电,003015,2024-06-12,8.867
日久光电,003015,2024-06-13,9.047
日久光电,003015,2024-06-14,9.047
日久光电,003015,2024-06-17,9.077
日久光电,003015,2024-06-18,9.037
日久光电,003015,2024-06-19,9.187
日久光电,003015,2024-06-20,9.187
日久光电,003015,2024-06-21,8.907
日久光电,003015,2024-06-24,8.757
日久光电,003015,2024-06-25,8.457
日久光电,003015,2024-06-26,8.297
日久光电,003015,2024-06-27,8.707
日久光电,003015,2024-06-28,8.527
日久光电,003015,2024-07-01,8.677
日久光电,003015,2024-07-02,8.667
日久光电,003015,2024-07-03,8.697
日久光电,003015,2024-07-04,8.617
日久光电,003015,2024-07-05,8.297
日久光电,003015,2024-07-08,8.227
日久光电,003015,2024-07-09,8.167
日久光电,003015,2024-07-10,8.517
日久光电,003015,2024-07-11,9.347
日久光电,003015,2024-07-12,10.127
日久光电,003015,2024-07-15,9.577
日久光电,003015,2024-07-16,9.877
日久光电,003015,2024-07-17,9.637
日久光电,003015,2024-07-18,9.187
日久光电,003015,2024-07-19,9.167
日久光电,003015,2024-07-22,9.217
日久光电,003015,2024-07-23,9.497
日久光电,003015,2024-07-24,9.367
日久光电,003015,2024-07-25,9.017
日久光电,003015,2024-07-26,9.187
日久光电,003015,2024-07-29,9.497
日久光电,003015,2024-07-30,9.467
日久光电,003015,2024-07-31,9.627
日久光电,003015,2024-08-01,9.897
日久光电,003015,2024-08-02,9.747
日久光电,003015,2024-08-05,9.587
日久光电,003015,2024-08-06,9.797
日久光电,003015,2024-08-07,9.857
日久光电,003015,2024-08-08,9.577
日久光电,003015,2024-08-09,9.667
日久光电,003015,2024-08-12,9.987
日久光电,003015,2024-08-13,10.187
日久光电,003015,2024-08-14,10.487
日久光电,003015,2024-08-15,10.527
日久光电,003015,2024-08-16,10.367
日久光电,003015,2024-08-19,10.267
日久光电,003015,2024-08-20,10.127
日久光电,003015,2024-08-21,10.027
日久光电,003015,2024-08-22,9.987
日久光电,003015,2024-08-23,9.777
日久光电,003015,2024-08-26,9.977
日久光电,003015,2024-08-27,10.307
日久光电,003015,2024-08-28,9.757
日久光电,003015,2024-08-29,10.897
日久光电,003015,2024-08-30,12.827
日久光电,003015,2024-09-02,13.227
日久光电,003015,2024-09-03,12.117
日久光电,003015,2024-09-04,11.647
日久光电,003015,2024-09-05,12.937
日久光电,003015,2024-09-06,12.157
日久光电,003015,2024-09-09,11.707
日久光电,003015,2024-09-10,11.687
日久光电,003015,2024-09-11,13.167
日久光电,003015,2024-09-12,12.997
日久光电,003015,2024-09-13,12.267
日久光电,003015,2024-09-18,11.687
日久光电,003015,2024-09-19,10.877
日久光电,003015,2024-09-20,10.857
日久光电,003015,2024-09-23,10.657
日久光电,003015,2024-09-24,10.807
日久光电,003015,2024-09-25,10.987
日久光电,003015,2024-09-26,10.997
日久光电,003015,2024-09-27,11.407
日久光电,003015,2024-09-30,12.327
日久光电,003015,2024-10-08,14.467
日久光电,003015,2024-10-09,14.157
日久光电,003015,2024-10-10,12.807
日久光电,003015,2024-10-11,12.587
日久光电,003015,2024-10-14,12.247
日久光电,003015,2024-10-15,13.317
日久光电,003015,2024-10-16,13.207
日久光电,003015,2024-10-17,13.687
日久光电,003015,2024-10-18,14.407
日久光电,003015,2024-10-21,14.727
日久光电,003015,2024-10-22,16.607
日久光电,003015,2024-10-23,14.887
日久光电,003015,2024-10-24,14.667
日久光电,003015,2024-10-25,14.997
日久光电,003015,2024-10-28,14.917
日久光电,003015,2024-10-29,15.567
日久光电,003015,2024-10-30,15.117
日久光电,003015,2024-10-31,15.887
日久光电,003015,2024-11-01,15.337
日久光电,003015,2024-11-04,13.887
日久光电,003015,2024-11-05,14.507
日久光电,003015,2024-11-06,14.867
日久光电,003015,2024-11-07,14.767
日久光电,003015,2024-11-08,14.917
日久光电,003015,2024-11-11,14.997
日久光电,003015,2024-11-12,15.507
日久光电,003015,2024-11-13,15.217
日久光电,003015,2024-11-14,14.857
日久光电,003015,2024-11-15,14.297
日久光电,003015,2024-11-18,14.217
日久光电,003015,2024-11-19,13.417
日久光电,003015,2024-11-20,14.307
日久光电,003015,2024-11-21,14.257
日久光电,003015,2024-11-22,14.277
日久光电,003015,2024-11-25,13.637
日久光电,003015,2024-11-26,13.817
日久光电,003015,2024-11-27,13.447
日久光电,003015,2024-11-28,13.737
日久光电,003015,2024-11-29,13.687
日久光电,003015,2024-12-02,13.907
日久光电,003015,2024-12-03,14.187
日久光电,003015,2024-12-04,13.927
日久光电,003015,2024-12-05,13.637
日久光电,003015,2024-12-06,14.017
日久光电,003015,2024-12-09,14.087
日久光电,003015,2024-12-10,14.217
日久光电,003015,2024-12-11,14.207
日久光电,003015,2024-12-12,14.577
日久光电,003015,2024-12-13,14.387
日久光电,003015,2024-12-16,14.157
日久光电,003015,2024-12-17,13.827
日久光电,003015,2024-12-18,13.407
日久光电,003015,2024-12-19,13.437
日久光电,003015,2024-12-20,13.597
日久光电,003015,2024-12-23,13.937
日久光电,003015,2024-12-24,13.207
日久光电,003015,2024-12-25,13.137
日久光电,003015,2024-12-26,13.147
日久光电,003015,2024-12-27,13.477
日久光电,003015,2024-12-30,13.247
日久光电,003015,2024-12-31,14.797
日久光电,003015,2025-01-02,13.927
日久光电,003015,2025-01-03,13.937
日久光电,003015,2025-01-06,14.307
日久光电,003015,2025-01-07,14.807
日久光电,003015,2025-01-08,15.287
日久光电,003015,2025-01-09,14.897
日久光电,003015,2025-01-10,15.177
日久光电,003015,2025-01-13,12.907
日久光电,003015,2025-01-14,12.407
日久光电,003015,2025-01-15,13.117
日久光电,003015,2025-01-16,12.887
日久光电,003015,2025-01-17,12.647
日久光电,003015,2025-01-20,12.887
日久光电,003015,2025-01-21,13.177
日久光电,003015,2025-01-22,13.237
日久光电,003015,2025-01-23,13.257
日久光电,003015,2025-01-24,13.997
日久光电,003015,2025-01-27,13.797
日久光电,003015,2025-02-05,15.077
日久光电,003015,2025-02-06,14.607
日久光电,003015,2025-02-07,16.207
日久光电,003015,2025-02-10,14.967
日久光电,003015,2025-02-11,15.287
日久光电,003015,2025-02-12,15.007
日久光电,003015,2025-02-13,15.207
日久光电,003015,2025-02-14,14.737
日久光电,003015,2025-02-17,14.777
日久光电,003015,2025-02-18,15.187
日久光电,003015,2025-02-19,15.257
日久光电,003015,2025-02-20,16.367
日久光电,003015,2025-02-21,15.427
日久光电,003015,2025-02-24,15.407
日久光电,003015,2025-02-25,14.957
日久光电,003015,2025-02-26,15.217
日久光电,003015,2025-02-27,15.127
日久光电,003015,2025-02-28,14.547
日久光电,003015,2025-03-03,13.917
日久光电,003015,2025-03-04,13.857
日久光电,003015,2025-03-05,13.977
日久光电,003015,2025-03-06,14.287
日久光电,003015,2025-03-07,14.407
日久光电,003015,2025-03-10,14.157
日久光电,003015,2025-03-11,13.997
日久光电,003015,2025-03-12,14.227
日久光电,003015,2025-03-13,14.457
日久光电,003015,2025-03-14,14.107
日久光电,003015,2025-03-17,14.507
日久光电,003015,2025-03-18,14.657
日久光电,003015,2025-03-19,14.967
日久光电,003015,2025-03-20,14.817
日久光电,003015,2025-03-21,14.927
日久光电,003015,2025-03-24,14.807
日久光电,003015,2025-03-25,14.207
日久光电,003015,2025-03-26,13.937
日久光电,003015,2025-03-27,13.747
日久光电,003015,2025-03-28,13.937
日久光电,003015,2025-03-31,14.417
日久光电,003015,2025-04-01,14.927
日久光电,003015,2025-04-02,15.207
日久光电,003015,2025-04-03,15.207
日久光电,003015,2025-04-07,13.777
日久光电,003015,2025-04-08,12.977
日久光电,003015,2025-04-09,11.937
日久光电,003015,2025-04-10,12.587
日久光电,003015,2025-04-11,12.187
日久光电,003015,2025-04-14,13.157
日久光电,003015,2025-04-15,13.287
日久光电,003015,2025-04-16,13.177
日久光电,003015,2025-04-17,12.557
日久光电,003015,2025-04-18,12.657
日久光电,003015,2025-04-21,12.717
日久光电,003015,2025-04-22,14.107
日久光电,003015,2025-04-23,13.777
日久光电,003015,2025-04-24,13.587
日久光电,003015,2025-04-25,13.257
日久光电,003015,2025-04-28,13.267
日久光电,003015,2025-04-29,13.237
日久光电,003015,2025-04-30,13.897
日久光电,003015,2025-05-06,13.967
日久光电,003015,2025-05-07,14.497
日久光电,003015,2025-05-08,14.397
日久光电,003015,2025-05-09,14.697
日久光电,003015,2025-05-12,14.787
日久光电,003015,2025-05-13,14.987
日久光电,003015,2025-05-14,14.487
日久光电,003015,2025-05-15,14.587
日久光电,003015,2025-05-16,14.337
日久光电,003015,2025-05-19,14.737
日久光电,003015,2025-05-20,14.507
日久光电,003015,2025-05-21,14.677
日久光电,003015,2025-05-22,14.817
日久光电,003015,2025-05-23,14.227
日久光电,003015,2025-05-26,13.807
日久光电,003015,2025-05-27,14.117
日久光电,003015,2025-05-28,14.007
日久光电,003015,2025-05-29,13.807
日久光电,003015,2025-05-30,14.033
日久光电,003015,2025-06-03,13.663
日久光电,003015,2025-06-04,13.843
日久光电,003015,2025-06-05,13.923
日久光电,003015,2025-06-06,14.103
日久光电,003015,2025-06-09,14.003
日久光电,003015,2025-06-10,13.953
日久光电,003015,2025-06-11,13.793
日久光电,003015,2025-06-12,15.053
日久光电,003015,2025-06-13,14.393
日久光电,003015,2025-06-16,14.483
日久光电,003015,2025-06-17,15.343
日久光电,003015,2025-06-18,14.953
日久光电,003015,2025-06-19,15.103
日久光电,003015,2025-06-20,15.003
日久光电,003015,2025-06-23,14.813
日久光电,003015,2025-06-24,16.853
日久光电,003015,2025-06-25,17.803
日久光电,003015,2025-06-26,16.983
日久光电,003015,2025-06-27,17.103
日久光电,003015,2025-06-30,16.283
日久光电,003015,2025-07-01,16.763
日久光电,003015,2025-07-02,17.103
日久光电,003015,2025-07-03,16.653
日久光电,003015,2025-07-04,17.483
日久光电,003015,2025-07-07,16.923
日久光电,003015,2025-07-08,16.803
日久光电,003015,2025-07-09,17.623
日久光电,003015,2025-07-10,18.963
日久光电,003015,2025-07-11,18.343
日久光电,003015,2025-07-14,18.053
日久光电,003015,2025-07-15,17.923
日久光电,003015,2025-07-16,16.453
日久光电,003015,2025-07-17,16.513
日久光电,003015,2025-07-18,16.763
日久光电,003015,2025-07-21,16.663
日久光电,003015,2025-07-22,16.673
日久光电,003015,2025-07-23,16.413
日久光电,003015,2025-07-24,16.183
日久光电,003015,2025-07-25,16.323
日久光电,003015,2025-07-28,16.403
日久光电,003015,2025-07-29,16.513
日久光电,003015,2025-07-30,16.503
日久光电,003015,2025-07-31,16.263
日久光电,003015,2025-08-01,16.083
日久光电,003015,2025-08-04,16.003
日久光电,003015,2025-08-05,16.303
日久光电,003015,2025-08-06,16.393
日久光电,003015,2025-08-07,16.503
日久光电,003015,2025-08-08,16.453
日久光电,003015,2025-08-11,16.603
日久光电,003015,2025-08-12,16.793
日久光电,003015,2025-08-13,16.603
日久光电,003015,2025-08-14,16.663
日久光电,003015,2025-08-15,16.303
日久光电,003015,2025-08-18,16.713
日久光电,003015,2025-08-19,17.303
日久光电,003015,2025-08-20,17.243
日久光电,003015,2025-08-21,17.663
日久光电,003015,2025-08-22,17.493
日久光电,003015,2025-08-25,17.653
日久光电,003015,2025-08-26,18.603
日久光电,003015,2025-08-27,19.153
日久光电,003015,2025-08-28,19.403
日久光电,003015,2025-08-29,20.553
日久光电,003015,2025-09-01,19.613
日久光电,003015,2025-09-02,19.813
日久光电,003015,2025-09-03,19.203
日久光电,003015,2025-09-04,18.723
日久光电,003015,2025-09-05,17.913
日久光电,003015,2025-09-08,18.153
日久光电,003015,2025-09-09,18.083
日久光电,003015,2025-09-10,17.493
日久光电,003015,2025-09-11,17.463
日久光电,003015,2025-09-12,17.983
日久光电,003015,2025-09-15,17.783
日久光电,003015,2025-09-16,17.843
日久光电,003015,2025-09-17,18.133
日久光电,003015,2025-09-18,18.153
日久光电,003015,2025-09-19,17.653
日久光电,003015,2025-09-22,17.583
日久光电,003015,2025-09-23,17.463
日久光电,003015,2025-09-24,18.223
日久光电,003015,2025-09-25,18.213
日久光电,003015,2025-09-26,18.353
日久光电,003015,2025-09-29,17.683
日久光电,003015,2025-09-30,17.153
日久光电,003015,2025-10-09,17.283
日久光电,003015,2025-10-10,16.963
日久光电,003015,2025-10-13,16.003
日久光电,003015,2025-10-14,16.853
日久光电,003015,2025-10-15,16.463
日久光电,003015,2025-10-16,16.613
日久光电,003015,2025-10-17,16.303
日久光电,003015,2025-10-20,15.973
日久光电,003015,2025-10-21,16.693
日久光电,003015,2025-10-22,16.563
日久光电,003015,2025-10-23,16.673
日久光电,003015,2025-10-24,16.823
日久光电,003015,2025-10-27,17.183
日久光电,003015,2025-10-28,17.053
日久光电,003015,2025-10-29,17.123
日久光电,003015,2025-10-30,17.203
日久光电,003015,2025-10-31,16.883
日久光电,003015,2025-11-03,16.813
日久光电,003015,2025-11-04,16.923
日久光电,003015,2025-11-05,16.483
日久光电,003015,2025-11-06,16.703
日久光电,003015,2025-11-07,16.623
日久光电,003015,2025-11-10,16.623
日久光电,003015,2025-11-11,16.503
日久光电,003015,2025-11-12,16.123
日久光电,003015,2025-11-13,16.163
日久光电,003015,2025-11-14,16.143
日久光电,003015,2025-11-17,16.203
日久光电,003015,2025-11-18,16.013
日久光电,003015,2025-11-19,15.723
日久光电,003015,2025-11-20,15.573
日久光电,003015,2025-11-21,15.223
日久光电,003015,2025-11-24,15.053
日久光电,003015,2025-11-25,15.313
日久光电,003015,2025-11-26,15.383
日久光电,003015,2025-11-27,15.533
日久光电,003015,2025-11-28,15.733
日久光电,003015,2025-12-01,15.723
日久光电,003015,2025-12-02,16.083
日久光电,003015,2025-12-03,16.073
日久光电,003015,2025-12-04,15.923
日久光电,003015,2025-12-05,15.863
日久光电,003015,2025-12-08,16.013
日久光电,003015,2025-12-09,16.273
日久光电,003015,2025-12-10,15.973
日久光电,003015,2025-12-11,15.893
日久光电,003015,2025-12-12,15.653
日久光电,003015,2025-12-15,15.563
日久光电,003015,2025-12-16,15.323
日久光电,003015,2025-12-17,15.083
日久光电,003015,2025-12-18,15.253
日久光电,003015,2025-12-19,15.263
日久光电,003015,2025-12-22,15.353
日久光电,003015,2025-12-23,15.413
日久光电,003015,2025-12-24,15.403
日久光电,003015,2025-12-25,15.753
日久光电,003015,2025-12-26,15.743
日久光电,003015,2025-12-29,15.513
日久光电,003015,2025-12-30,15.453
日久光电,003015,2025-12-31,15.713
日久光电,003015,2026-01-05,15.403
日久光电,003015,2026-01-06,15.553
日久光电,003015,2026-01-07,15.733
日久光电,003015,2026-01-08,15.663
日久光电,003015,2026-01-09,15.653
日久光电,003015,2026-01-12,15.773
日久光电,003015,2026-01-13,16.153
日久光电,003015,2026-01-14,15.563
日久光电,003015,2026-01-15,15.603
日久光电,003015,2026-01-16,15.863
日久光电,003015,2026-01-19,16.033
日久光电,003015,2026-01-20,16.073
日久光电,003015,2026-01-21,15.863
日久光电,003015,2026-01-22,16.253
日久光电,003015,2026-01-23,16.283
日久光电,003015,2026-01-26,16.313
日久光电,003015,2026-01-27,16.133
日久光电,003015,2026-01-28,16.313
日久光电,003015,2026-01-29,15.903
日久光电,003015,2026-01-30,15.413
日久光电,003015,2026-02-02,15.633
日久光电,003015,2026-02-03,15.453
日久光电,003015,2026-02-04,15.853
日久光电,003015,2026-02-05,16.063
日久光电,003015,2026-02-06,16.013
日久光电,003015,2026-02-09,16.333
日久光电,003015,2026-02-10,16.563
日久光电,003015,2026-02-11,16.673
日久光电,003015,2026-02-12,17.343
日久光电,003015,2026-02-13,17.143
日久光电,003015,2026-02-24,17.503
日久光电,003015,2026-02-25,17.283
日久光电,003015,2026-02-26,17.203
日久光电,003015,2026-02-27,17.363
日久光电,003015,2026-03-02,17.153
日久光电,003015,2026-03-03,17.353
日久光电,003015,2026-03-04,16.653
日久光电,003015,2026-03-05,17.133
日久光电,003015,2026-03-06,17.103
日久光电,003015,2026-03-09,16.803
日久光电,003015,2026-03-10,17.143
日久光电,003015,2026-03-11,17.263
日久光电,003015,2026-03-12,17.053
日久光电,003015,2026-03-13,17.003
日久光电,003015,2026-03-16,16.883
日久光电,003015,2026-03-17,17.093
日久光电,003015,2026-03-18,16.323
日久光电,003015,2026-03-19,16.513
日久光电,003015,2026-03-20,16.413
日久光电,003015,2026-03-23,15.453
日久光电,003015,2026-03-24,14.803
日久光电,003015,2026-03-25,14.643
日久光电,003015,2026-03-26,14.793
日久光电,003015,2026-03-27,14.053
日久光电,003015,2026-03-30,14.053
日久光电,003015,2026-03-31,14.183
日久光电,003015,2026-04-01,14.133
日久光电,003015,2026-04-02,14.103
日久光电,003015,2026-04-03,14.033
日久光电,003015,2026-04-07,13.863
日久光电,003015,2026-04-08,14.193
日久光电,003015,2026-04-09,14.463
日久光电,003015,2026-04-10,14.753
日久光电,003015,2026-04-13,14.703
日久光电,003015,2026-04-14,15.303
日久光电,003015,2026-04-15,15.513
日久光电,003015,2026-04-16,16.123
日久光电,003015,2026-04-17,15.983
日久光电,003015,2026-04-20,16.073
日久光电,003015,2026-04-21,16.003
日久光电,003015,2026-04-22,16.153
日久光电,003015,2026-04-23,16.173
日久光电,003015,2026-04-24,15.483
日久光电,003015,2026-04-27,15.193
日久光电,003015,2026-04-28,15.153
日久光电,003015,2026-04-29,14.953
日久光电,003015,2026-04-30,14.983
日久光电,003015,2026-05-06,14.993
日久光电,003015,2026-05-07,14.953
日久光电,003015,2026-05-08,14.883
日久光电,003015,2026-05-11,14.983
日久光电,003015,2026-05-12,14.663
日久光电,003015,2026-05-13,14.493
日久光电,003015,2026-05-14,14.623
日久光电,003015,2026-05-15,14.393
日久光电,003015,2026-05-18,14.313
日久光电,003015,2026-05-19,14.243
日久光电,003015,2026-05-20,14.293
日久光电,003015,2026-05-21,14.43
日久光电,003015,2026-05-22,13.95
日久光电,003015,2026-05-25,14.14
日久光电,003015,2026-05-26,13.84
日久光电,003015,2026-05-27,13.32
日久光电,003015,2026-05-28,12.93
日久光电,003015,2026-05-29,13.2
日久光电,003015,2026-06-01,12.48
日久光电,003015,2026-06-02,12.54
日久光电,003015,2026-06-03,12.42
日久光电,003015,2026-06-04,12.3
日久光电,003015,2026-06-05,12.29
日久光电,003015,2026-06-08,12.38
日久光电,003015,2026-06-09,12.25
日久光电,003015,2026-06-10,12.3
日久光电,003015,2026-06-11,12.36
日久光电,003015,2026-06-12,12.7
日久光电,003015,2026-06-15,12.4
日久光电,003015,2026-06-16,12.9
日久光电,003015,2026-06-17,12.79
日久光电,003015,2026-06-18,12.85
日久光电,003015,2026-06-22,12.58
日久光电,003015,2026-06-23,12.31
日久光电,003015,2026-06-24,12.33
日久光电,003015,2026-06-25,12.3
日久光电,003015,2026-06-26,12.31
日久光电,003015,2026-06-29,12.47
日久光电,003015,2026-06-30,12.37
日久光电,003015,2026-07-01,13.02
日久光电,003015,2026-07-02,12.8
日久光电,003015,2026-07-03,12.34
日久光电,003015,2026-07-06,12.22
日久光电,003015,2026-07-07,11.65
日久光电,003015,2026-07-08,11.52
日久光电,003015,2026-07-09,11.64
日久光电,003015,2026-07-10,11.67
日久光电,003015,2026-07-13,11.56
日久光电,003015,2026-07-14,10.9
日久光电,003015,2026-07-15,10.95
日久光电,003015,2026-07-16,10.92
日久光电,003015,2026-07-17,10.9
日久光电,003015,2026-07-20,10.89
日久光电,003015,2026-07-21,10.25
日久光电,003015,2026-07-22,10.15
日久光电,003015,2026-07-23,10.11
日久光电,003015,2026-07-24,10.69
日久光电,003015,2026-07-27,10.14
日久光电,003015,2026-07-28,10.32
日久光电,003015,2026-07-29,10.44
日久光电,003015,2026-07-30,10.45
日久光电,003015,2026-07-31,10.36
日久光电,003015,2026-08-03,10.46
日久光电,003015,2026-08-04,10.78
日久光电,003015,2026-08-05,10.84
日久光电,003015,2026-08-06,10.92
日久光电,003015,2026-08-07,11.67
日久光电,003015,2026-08-10,11.53
日久光电,003015,2026-08-11,11.76
日久光电,003015,2026-08-12,11.58
日久光电,003015,2026-08-13,12.08
日久光电,003015,2026-08-14,12.15
日久光电,003015,2026-08-17,12.04
日久光电,003015,2026-08-18,12.23
日久光电,003015,2026-08-19,12.42
